Epoch;Accuracy;Learning rate
1;0.18030050083472454;0.01
2;0.44073455759599334;0.01
3;0.5308848080133556;0.01
4;0.5876460767946577;0.01
