Epoch;Accuracy;Learning rate
1;0.29520383693045565;0.01
2;0.8112709832134293;0.01
3;0.8371702637889689;0.01
4;0.8321342925659473;0.01
