Epoch;Accuracy;Learning rate
1;0.9590443686006825;0.01
2;0.9592339780053091;0.01
3;0.9634053849070914;0.01
4;0.963215775502465;0.01
5;0.962457337883959;0.01
