Epoch;Accuracy;Learning rate
1;0.9926052332195677;0.01
2;0.99677664012135;0.01
3;1.0;0.01
4;1.0;0.01
5;1.0;0.01
6;1.0;0.01
7;1.0;0.01
8;1.0;0.01
9;1.0;0.01
10;1.0;0.01
