Epoch;Accuracy;Learning rate
1;0.290167865707434;0.01
2;0.7892086330935252;0.01
3;0.8338129496402877;0.01
4;0.8532374100719424;0.01
5;0.8556354916067146;0.01
6;0.8558752997601918;0.01
7;0.8597122302158273;0.01
8;0.8621103117505995;0.01
9;0.8635491606714628;0.01
10;0.86378896882494;0.01
11;0.8700239808153477;0.01
12;0.8676258992805755;0.01
13;0.8705035971223022;0.01
14;0.8700239808153477;0.01
15;0.86810551558753;0.01
16;0.8688249400479616;0.01
17;0.8685851318944844;0.01
