Epoch;Accuracy;Learning rate
1;0.290167865707434;0.01
2;0.7892086330935252;0.01
3;0.8338129496402877;0.01
4;0.8532374100719424;0.01
