Epoch;Accuracy
1;0.17985611510791366
2;0.1510791366906475
3;0.17985611510791366
