Epoch;Accuracy
1;0.42422062350119905
2;0.8359712230215828
3;0.8402877697841726
4;0.8611510791366906
5;0.8721822541966426
6;0.8738609112709832
7;0.873621103117506
8;0.8731414868105516
